{"__Version":"0.1","App":"c9641933-c18c-4647-b888-f40fdc8b70bc","Test_7F478737223C4B69":"32781541-4e01-4050-b045-93bcdc503d78","Host":"03a93658-1e1d-473c-a55f-b299e38e40a2","Screen1-CaseWorkerLanding":"9087a5fb-a44e-4774-914c-3f38e5fec793","FluentDetailsList1":"ac3f4eaf-e00b-4c04-9dde-b47e5018b16c","address1":"0409aa09-7ab8-426b-941a-a31519c634d9","openRequest1":"e7485445-5ad0-411e-85b9-abd71e13fcec","outlierFlag1":"d4054bbb-6141-415e-b855-0359e80c2d0a","overallFlag1":"b3757aee-a121-403a-964f-a023408e254c","postCode1":"68a54085-4630-48c7-8a81-1523a12165b2","requestGUID1":"420d4683-0121-446f-9b53-feae24ece168","salePrice1":"e695647c-f07c-42e6-a76c-f40a20637a9d","transactionDate1":"74e79e9e-139d-4c0a-ba9d-dae3f41c5095","uarn1":"b1d545b5-476f-4d0e-bc64-c33b41d8a492","Screen2-SVT_ViewScreen":"2c06556f-4a59-4899-af6f-0c4acb161cc2","RectQuickActionBar1":"5b7baa3d-9a04-4059-b6c8-d8ccfd422933","LblAppName1":"06e70b1a-ec43-48b0-a9da-45f0e9a5cf24","Canvas1":"cda46f49-cf56-4da5-8e2d-2144b01e8e9c","DataCard3":"65e1f8ff-7d39-4dfe-b894-1e577145aae1","DataCard4":"1bcb05f1-ac74-460d-9da8-98c46bc7e4a3","Value_SalePrice_1":"94f95190-1fab-45a9-b650-3418b4c5b474","Value_LatestRatio":"08b00615-b4e8-468a-9c4c-c6dff0bf52ba","Label_Composite_4":"1b45456b-b2fd-4fa2-bafd-4ef6ee5149f9","Value_Composite_4":"b4fa0ff9-4365-4937-8df0-17b9d15da3ec","Cont_SaleCalculations":"a6e5d32f-728c-4295-ac4c-a71144526f11","Cont_SaleCalculation":"389de566-57f8-4a23-8e2c-e8fab62ecff6","Label_UsefulSale_4":"f4186ca7-1fd5-453f-85c1-2bee08a052cf","Value_Dropdown_UsefulSale_4":"eeadc9f8-aab8-4306-95fa-6256b9fa637b","Label_SaleSummary":"d9059474-4cbf-46f0-8d5b-3fe873ec6487","Label_SalePrice_1":"933a6953-8f08-4232-aba7-2785267582c2","Label_OverallFlag":"00a36502-5e4f-4ae1-9b9e-477b8ac242e7","Value_Dropdown_UsefulSale_3":"e45d8f40-a627-4e5c-b7d5-e7c958bc4821","Label_UsefulSale_2":"9e0e5745-72f4-44db-b938-d2fb533ede4d","Value_Dropdown_UsefulSale_2":"10334831-8948-4e9c-b746-e0621da927f2","Label_WhyNotUseful_2":"935b25a1-f7b3-43a9-b7ee-adddbb5c5f3c","Value_Dropdown_WhyNotUseful_2":"dee4ef75-7d26-4450-b2db-98278cb08389","Label_WhyNotUseful_3":"7c0b8ac9-ac9e-4fda-a4a1-d4bec49803e4","Label_WhyNotUseful_4":"11e3296f-ec71-402c-aeeb-f993fc385671","Cont_SaleSummary":"5511881a-7644-4fdf-8fff-d0517ea81b4c","Value_OverallFlag":"c3ace295-1a8f-4ae4-8f18-bfb6446e26a3","Label_Ratio":"f024b97a-7284-414f-beba-ea010d29073a","Value_Ratio":"cf3a583a-8d39-4d9e-986f-6661b7ccc2b6","Label_Outlier":"e4ba129c-940c-47f0-ad73-c7da86b7ae31","Value_Outlier":"3458c4b7-31cf-4dbe-beaa-972c356e57c7","Value_Dropdown_WhyNotUseful_4":"5a39af6b-fe14-460f-b53c-cc1d2b2d0023","Label_UsefulSale_3":"81adfcb5-6d53-4f60-9703-11f0f898e926","Value_CoordStatus_3":"be2f72ed-b1d4-443b-890f-fa77c9dd1286","Label_Composite_5":"c856aca2-b7e8-4e27-bb29-caed160d0b66","Value_Composite_5":"e2070fec-e2c6-4af8-94b0-357b6fc621b4","Label_Address_3":"0a41693d-558d-4823-b7d6-032eb11943d9","Cont_SaleSummary1":"c2d64777-5b2c-4407-b098-12f978eb20c0","Value_Dropdown_WhyNotUseful_3":"ee2312d7-15e9-4cfa-a447-b43f03d1ea50","Cont_SalesVerification_2":"c0b0fd14-6000-4861-bac5-c80a321e69dd","Cont_SaleSummary2":"6c70ca63-1884-46dc-96f3-fff1fbc8ab0f","Value_LatestAdjustedPrice_1":"947faf50-ec7c-46f0-91be-953a8ce27a64","Label_LatestAdjustedPrice_1":"f647736d-741f-4621-9b61-e0a93783ce88","Value_LatestModelPrice_1":"cb35735a-1433-45a9-91b7-7f921855e7f0","DataCard1":"8c3d5032-0825-4f8e-9ffe-743255c19daf","DataCard2":"35096971-70a8-4d23-ac82-e9db522f5f45","Label_HereditamentHeader_1":"8f003c19-a494-4356-96d0-6ffe67d4190c","Label_Address_1":"e25a3114-e198-4fd3-80be-bcab38ce32da","Value_Band_1":"66a06599-7166-4267-95f6-7f270a5e7b3c","Cont_Banding":"9a43b000-d2ed-4dd3-af54-0f14c46fcd01","Label_LatestModelPrice_1":"2b29bb21-dd2d-445b-80b2-f038724102f1","Label_ConditionalNotes":"72cddb57-f6a4-4e99-998c-a2349682ad66","Value_Address_1":"ab22c217-daee-43bf-8e5b-e176ce1a7146","Label_BillingAuthority_1":"aee8c8d8-f562-4df1-a823-8b8f2e2eaace","Value_CoordStatus_1":"a104bb66-fd33-451e-bb0f-f7db34cf9f7b","Label_Composite_1":"3600cd6d-b2f2-4441-9e43-84a69de1f249","Label_ConditionScore":"d0db41cd-d6a3-48f1-a3d6-fa89c3864b8b","Value_TextInput_ConditionalNotes":"aef87756-cd2e-4415-bef3-beef019aed25","Cont_HereditamentInfo":"a7faa01c-2946-4539-b801-b540d1bf48ce","Value_Composite_6":"03f15b8e-1151-4310-b417-c4482973373f","Label_BillingAuthority_3":"995ba6ae-4408-49ec-8d16-66d7cc02f22c","Value_BillingAuthority_3":"f2349e06-9897-43fc-8672-601e1fae7038","Label_CoordStatus_3":"0c99cf5d-2766-44ba-bda0-84174058ff89","Cont_SDLTTWLTT_2":"f67cb0c6-77bd-49dd-a877-2237a4438193","Value_Address_4":"2e30918a-a935-4610-b12e-bbc80fac5f5b","Label_BillingAuthority_4":"c791ce2e-2248-4ef6-96e8-79e8e1ad4d88","Value_BillingAuthority_4":"9ee106b5-a60a-4749-98e7-8c27f68db45a","Label_CoordStatus_4":"01f29b9b-54c8-43b5-9ece-0526f1c98b5d","Value_CoordStatus_4":"c519accb-6fef-439a-a1f8-ec6bbcc15ab0","Label_Composite_6":"f50e3c70-85ce-49b4-8719-26e09adeba63","Value_ConditionScore":"7385c0e9-861a-4a4e-9501-b1560462800b","Value_BillingAuthority_2":"be4ee712-95fe-4e6a-b421-eb5aa647c441","Cont_SDLTTWLTT":"487af7f8-ec24-412c-a1a4-6132ccc26b8d","Value_Composite_2":"ef9cf45c-c56a-4b4f-853c-aee7d29a0cfe","Value_TransactionDate_1":"83fb6de6-d27d-44e0-8f1c-e021fc00ffea","Value_Dropdown_ConditionCategory":"ed89b01c-ea7e-45b9-bc1a-685e7b9f8470","Label_ConditionCategory":"e30f0991-dd42-4761-a65d-f14dda440b68","Label_Composite_2":"f019390e-679b-4f50-a964-b27bd84bad8a","Value_BandingID_1":"8d0eb22d-cea0-4917-8c7d-643a53d27205","Value_Composite_1":"5cf31895-e2cb-4b82-950a-3648de13a895","Label_CoordStatus_2":"0ab152da-0fa7-49b2-bf32-20435ce29c6a","Value_CoordStatus_2":"c20ae216-48e3-410c-a9b7-fd51da4962c8","Value_Address_3":"94934d94-4d3e-410c-8f74-c1ce26592462","Label_TransactionDate_1":"3cadc6a8-9639-4888-9488-8387d17c801e","Label_Band_1":"bd199e26-233f-4b5c-a043-0a9998a6a801","Value_BillingAuthority_1":"a952a3d2-7b00-497b-9c13-f34e5963a5ff","Label_CoordStatus_1":"9d6e98bb-0bbb-4088-8b1b-62c4f15ab364","Label_Flags":"e8ae1be8-377c-45a4-b69b-212ef864a553","Cont_SalesVerification_3":"82845f85-9c06-4311-8efc-b3247301dda7","Value_Address_2":"5aa9112a-f9f9-49b3-9142-a83bad010dc7","Label_Address_2":"d1b5f2db-5ebd-400a-bc96-4263b2cb0b85","Label_SDLTTWLTTHeader":"c25bca57-79f2-42b4-a958-802a3df83e45","Value_Composite_3":"38092814-ecb3-4a32-803a-62205fdbe659","Label_Composite_3":"192dbb0b-0dc2-4a62-a1f1-8bad350740cc","Cont_SDLTTWLTT_1":"5931fa10-cd22-4c18-95b2-6f5e6796dc7e","Label_BillingAuthority_2":"5caf741c-588c-42b8-b2ea-788d3c799ff6","Label_SaleCalculations":"ceedf435-0de2-40e9-af7f-3fab8a716785","Label_WhyNotUseful_1":"55753b7d-c7cd-40d3-a498-ff038d090a38","Value_Flags":"57fa2150-b935-4239-89a5-638e4c0e32e2","Label_PreviousRatio":"09f2cf36-80ea-473e-8bf9-eadd5681ac2b","Value_PreviousRatio":"d5ab86d3-e6f3-4cc1-956a-4d657e14e6fc","Label_LatestRatio":"7ae96a9c-f115-4217-b389-d61709ee47cf","Label_SalesVerificationHeader_1":"44f55490-f691-417b-8d43-125aa6457e29","Label_UsefulSale_1":"6ee18c95-fb45-4c06-833e-b520b6d0b6d9","Value_Dropdown_UsefulSale_1":"40f4071a-e9f9-4d81-ab75-dd0a5ff88833","Label_BandingID_1":"c5a1da98-55b9-4019-a3ad-e6b86029defa","Label_BandingReferenceDate_1":"29a960c1-69c2-47c9-bc1f-5ff06ac341fd","Value_BandingReferenceDate_1":"d33cbc83-b714-4d8f-8fc1-7bb6e1ee76d4","Label_BandingHeader_1":"eecd666a-9e45-40b4-8e76-771b9f459540","Cont_SalesVerification_1":"a837cdfb-b41d-4906-9d00-72245633d443","Value_TextInput_AdditionalNotes_1":"ed5fbf98-150c-417b-a59e-265b0f123d00","Label_AdditionalNotes_1":"ac3e2346-ece2-4775-a9d3-c34552c9d339","Value_Dropdown_WhyNotUseful_1":"a98ee0a7-07d4-438b-93b5-d98139b134cb","Label_Address_4":"35ef7b5c-aa05-415c-b1fa-136eb695ee59","Value_Composite_7":"d6bdef3e-26da-4359-b9c6-3374f54aff9f","Label_Composite_7":"f584621b-5926-4b1e-92c9-0d018050d8be","DataCard5":"a006f6b9-d766-4c43-9925-92a61f1b15d3","Cont_SDLTTWLTT_3":"a1172ac4-f154-4370-8cbd-fc676e1539a6","Value_Composite_8":"086e36c2-384a-4f0d-acd2-44128de21ab3","Label_Composite_8":"7de174bf-7c8c-471a-b985-d865b78de346","Value_CoordStatus_5":"6dbd6930-aa17-47d2-9b80-e815da5dee3c","Label_CoordStatus_5":"9008ddfb-35a3-42da-85b7-93a0f96c8b5d","Value_BillingAuthority_5":"02ab26db-0396-48f7-9efb-ef9c0afe76c3","Label_BillingAuthority_5":"3755b53b-793c-45d5-b6be-bca673ac2fae","Value_Address_5":"2eb605a5-97df-4c76-b640-450b48f402ff","Label_Address_5":"4ef43b58-baef-4395-a1e6-067943342668","Value_Composite_9":"2b2a80e2-41bf-48ef-946f-ca22962f5266","Label_Composite_9":"55390f7a-49ad-4f7c-86f9-a6e87a02a5ca","Label_LRPPDMILO":"6cce751a-4c2a-45c3-b6fd-78df3c80fad1","Cont_SDLTTWLTT_4":"3be752d3-0819-4486-8087-d9ad09b9ad3c","Value_Composite_10":"6d8a1057-a8c9-4d1f-915c-a3bb32474dbe","Label_Composite_10":"925e4bf1-ed79-47a8-8431-5716297624b5","Value_CoordStatus_6":"45cae462-f27e-4f5c-a757-6810f853ad4c","Label_CoordStatus_6":"06460006-a5f7-4aa0-ba7c-c1a01d8f7237","Value_BillingAuthority_6":"0acfcabe-86ee-4bc4-8949-9737b20a452e","Label_BillingAuthority_6":"4d4c4d3a-b73c-4118-9956-99d706bc014c","Value_Address_6":"fbca858c-488b-4260-9baf-745a5f7aab95","Label_Address_6":"d86d8263-bea7-41ea-8c5d-10288e418a42","Value_Composite_11":"ec1b26cb-5551-4a12-9ebf-c637bcdba018","Label_Composite_11":"5b22a641-cdec-4b27-ae8a-0602d085ad74","Cont_SDLTTWLTT_5":"8f3e76a6-c74e-4316-b1dd-5603d9585c97","Value_Composite_12":"6072624e-529e-4e1e-9373-f89c4be03418","Label_Composite_12":"47f39d78-e83e-4567-9663-092051e9f086","Value_CoordStatus_7":"7b9afe1f-6c6f-4185-8843-599675c5fb59","Label_CoordStatus_7":"2d4b8f3f-c1f7-4145-ac43-cf85552e6a8a","Value_BillingAuthority_7":"31510527-10a4-4238-8254-47373e6bcf87","Label_BillingAuthority_7":"93bfcd7d-1c56-41ef-b486-33e81a7bdc27","Value_Address_7":"411a98fc-8eaf-4428-9b31-472bf565c31c","Label_Address_7":"fe11312b-50ff-4bac-9268-135b88ffe55c","Value_Composite_13":"8734da98-ccf5-4946-984b-7a5c369097f7","Label_Composite_13":"0033637e-2c69-4c1c-845a-c3b9ddd4b68a"}